<?xml version="1.0" encoding="UTF-8"?>
<project-private xmlns="http://www.netbeans.org/ns/project-private/1">
    <editor-bookmarks xmlns="http://www.netbeans.org/ns/editor-bookmarks/2" lastBookmarkId="0"/>
    <open-files xmlns="http://www.netbeans.org/ns/projectui-open-files/2">
        <group>
            <file>file:/C:/Users/Insha%20Habib/Documents/NetBeansProjects/DoctorManagementSystem/src/doctormanagementsystem/admitPatient.java</file>
            <file>file:/C:/Users/Insha%20Habib/Documents/NetBeansProjects/DoctorManagementSystem/src/doctormanagementsystem/dischargePatient.java</file>
            <file>file:/C:/Users/Insha%20Habib/Documents/NetBeansProjects/DoctorManagementSystem/src/doctormanagementsystem/Patients.java</file>
            <file>file:/C:/Users/Insha%20Habib/Documents/NetBeansProjects/DoctorManagementSystem/src/doctormanagementsystem/addDoctor.java</file>
            <file>file:/C:/Users/Insha%20Habib/Documents/NetBeansProjects/DoctorManagementSystem/src/doctormanagementsystem/DoctorManagementSystem.java</file>
            <file>file:/C:/Users/Insha%20Habib/Documents/NetBeansProjects/DoctorManagementSystem/src/doctormanagementsystem/editDetailDoc.java</file>
            <file>file:/C:/Users/Insha%20Habib/Documents/NetBeansProjects/DoctorManagementSystem/src/doctormanagementsystem/viewDetailDoc.java</file>
            <file>file:/C:/Users/Insha%20Habib/Documents/NetBeansProjects/DoctorManagementSystem/src/doctormanagementsystem/Doctors.java</file>
            <file>file:/C:/Users/Insha%20Habib/Documents/NetBeansProjects/DoctorManagementSystem/src/doctormanagementsystem/LoginPage.java</file>
            <file>file:/C:/Users/Insha%20Habib/Documents/NetBeansProjects/DoctorManagementSystem/src/doctormanagementsystem/viewdetailsPatient.java</file>
            <file>file:/C:/Users/Insha%20Habib/Documents/NetBeansProjects/DoctorManagementSystem/src/doctormanagementsystem/fireDoc.java</file>
            <file>file:/C:/Users/Insha%20Habib/Documents/NetBeansProjects/DoctorManagementSystem/src/doctormanagementsystem/editPatient.java</file>
            <file>file:/C:/Users/Insha%20Habib/Documents/NetBeansProjects/DoctorManagementSystem/src/doctormanagementsystem/welcome.java</file>
        </group>
    </open-files>
</project-private>
